"","CountyFIPS","County","Year","annual_asthma_ED_visits"
"1",37001,"Alamance",2008,"692"
"2",37001,"Alamance",2009,"759"
"3",37001,"Alamance",2010,"719"
"4",37001,"Alamance",2011,"748"
"5",37001,"Alamance",2012,"740"
"6",37001,"Alamance",2013,"750"
"7",37001,"Alamance",2014,"756"
"8",37001,"Alamance",2015,"739"
"9",37001,"Alamance",2016,"627"
"10",37001,"Alamance",2017,"1,492"
"11",37001,"Alamance",2018,"2,434"
"12",37001,"Alamance",2019,"1,782"
"13",37001,"Alamance",2020,"1,370"
"14",37001,"Alamance",2021,"926"
"15",37003,"Alexander",2008,"174"
"16",37003,"Alexander",2009,"149"
"17",37003,"Alexander",2010,"125"
"18",37003,"Alexander",2011,"82"
"19",37003,"Alexander",2012,"129"
"20",37003,"Alexander",2013,"112"
"21",37003,"Alexander",2014,"165"
"22",37003,"Alexander",2015,"112"
"23",37003,"Alexander",2016,"114"
"24",37003,"Alexander",2017,"131"
"25",37003,"Alexander",2018,"152"
"26",37003,"Alexander",2019,"129"
"27",37003,"Alexander",2020,"74"
"28",37003,"Alexander",2021,"108"
"29",37005,"Alleghany",2008,"18"
"30",37005,"Alleghany",2009,"19"
"31",37005,"Alleghany",2010,"16"
"32",37005,"Alleghany",2011,"18"
"33",37005,"Alleghany",2012,"47"
"34",37005,"Alleghany",2013,"38"
"35",37005,"Alleghany",2014,"40"
"36",37005,"Alleghany",2015,"45"
"37",37005,"Alleghany",2016,"17"
"38",37005,"Alleghany",2017,"13"
"39",37005,"Alleghany",2018,"30"
"40",37005,"Alleghany",2019,"21"
"41",37005,"Alleghany",2020,"17"
"42",37005,"Alleghany",2021,"20"
"43",37007,"Anson",2008,"269"
"44",37007,"Anson",2009,"279"
"45",37007,"Anson",2010,"255"
"46",37007,"Anson",2011,"212"
"47",37007,"Anson",2012,"231"
"48",37007,"Anson",2013,"134"
"49",37007,"Anson",2014,"210"
"50",37007,"Anson",2015,"168"
"51",37007,"Anson",2016,"130"
"52",37007,"Anson",2017,"143"
"53",37007,"Anson",2018,"205"
"54",37007,"Anson",2019,"130"
"55",37007,"Anson",2020,"107"
"56",37007,"Anson",2021,"70"
"57",37009,"Ashe",2008,"68"
"58",37009,"Ashe",2009,"97"
"59",37009,"Ashe",2010,"74"
"60",37009,"Ashe",2011,"86"
"61",37009,"Ashe",2012,"66"
"62",37009,"Ashe",2013,"75"
"63",37009,"Ashe",2014,"64"
"64",37009,"Ashe",2015,"62"
"65",37009,"Ashe",2016,"68"
"66",37009,"Ashe",2017,"105"
"67",37009,"Ashe",2018,"158"
"68",37009,"Ashe",2019,"101"
"69",37009,"Ashe",2020,"106"
"70",37009,"Ashe",2021,"89"
"71",37011,"Avery",2008,"21"
"72",37011,"Avery",2009,"66"
"73",37011,"Avery",2010,"60"
"74",37011,"Avery",2011,"72"
"75",37011,"Avery",2012,"79"
"76",37011,"Avery",2013,"94"
"77",37011,"Avery",2014,"81"
"78",37011,"Avery",2015,"119"
"79",37011,"Avery",2016,"88"
"80",37011,"Avery",2017,"145"
"81",37011,"Avery",2018,"192"
"82",37011,"Avery",2019,"189"
"83",37011,"Avery",2020,"164"
"84",37011,"Avery",2021,"91"
"85",37013,"Beaufort",2008,"264"
"86",37013,"Beaufort",2009,"189"
"87",37013,"Beaufort",2010,"206"
"88",37013,"Beaufort",2011,"199"
"89",37013,"Beaufort",2012,"261"
"90",37013,"Beaufort",2013,"294"
"91",37013,"Beaufort",2014,"191"
"92",37013,"Beaufort",2015,"204"
"93",37013,"Beaufort",2016,"207"
"94",37013,"Beaufort",2017,"275"
"95",37013,"Beaufort",2018,"309"
"96",37013,"Beaufort",2019,"232"
"97",37013,"Beaufort",2020,"149"
"98",37013,"Beaufort",2021,"127"
"99",37015,"Bertie",2008,"174"
"100",37015,"Bertie",2009,"121"
"101",37015,"Bertie",2010,"167"
"102",37015,"Bertie",2011,"168"
"103",37015,"Bertie",2012,"184"
"104",37015,"Bertie",2013,"178"
"105",37015,"Bertie",2014,"217"
"106",37015,"Bertie",2015,"151"
"107",37015,"Bertie",2016,"192"
"108",37015,"Bertie",2017,"194"
"109",37015,"Bertie",2018,"190"
"110",37015,"Bertie",2019,"189"
"111",37015,"Bertie",2020,"129"
"112",37015,"Bertie",2021,"96"
"113",37017,"Bladen",2008,"198"
"114",37017,"Bladen",2009,"185"
"115",37017,"Bladen",2010,"320"
"116",37017,"Bladen",2011,"295"
"117",37017,"Bladen",2012,"334"
"118",37017,"Bladen",2013,"171"
"119",37017,"Bladen",2014,"48"
"120",37017,"Bladen",2015,"72"
"121",37017,"Bladen",2016,"162"
"122",37017,"Bladen",2017,"181"
"123",37017,"Bladen",2018,"214"
"124",37017,"Bladen",2019,"158"
"125",37017,"Bladen",2020,"112"
"126",37017,"Bladen",2021,"126"
"127",37019,"Brunswick",2008,"396"
"128",37019,"Brunswick",2009,"415"
"129",37019,"Brunswick",2010,"361"
"130",37019,"Brunswick",2011,"474"
"131",37019,"Brunswick",2012,"502"
"132",37019,"Brunswick",2013,"547"
"133",37019,"Brunswick",2014,"573"
"134",37019,"Brunswick",2015,"419"
"135",37019,"Brunswick",2016,"432"
"136",37019,"Brunswick",2017,"437"
"137",37019,"Brunswick",2018,"248"
"138",37019,"Brunswick",2019,"275"
"139",37019,"Brunswick",2020,"192"
"140",37019,"Brunswick",2021,"220"
"141",37021,"Buncombe",2008,"1,836"
"142",37021,"Buncombe",2009,"2,220"
"143",37021,"Buncombe",2010,"1,584"
"144",37021,"Buncombe",2011,"1,279"
"145",37021,"Buncombe",2012,"1,393"
"146",37021,"Buncombe",2013,"822"
"147",37021,"Buncombe",2014,"1,173"
"148",37021,"Buncombe",2015,"517"
"149",37021,"Buncombe",2016,"639"
"150",37021,"Buncombe",2017,"744"
"151",37021,"Buncombe",2018,"1,414"
"152",37021,"Buncombe",2019,"698"
"153",37021,"Buncombe",2020,"680"
"154",37021,"Buncombe",2021,"763"
"155",37023,"Burke",2008,"538"
"156",37023,"Burke",2009,"540"
"157",37023,"Burke",2010,"494"
"158",37023,"Burke",2011,"560"
"159",37023,"Burke",2012,"600"
"160",37023,"Burke",2013,"368"
"161",37023,"Burke",2014,"328"
"162",37023,"Burke",2015,"279"
"163",37023,"Burke",2016,"265"
"164",37023,"Burke",2017,"247"
"165",37023,"Burke",2018,"490"
"166",37023,"Burke",2019,"241"
"167",37023,"Burke",2020,"285"
"168",37023,"Burke",2021,"130"
"169",37025,"Cabarrus",2008,"937"
"170",37025,"Cabarrus",2009,"911"
"171",37025,"Cabarrus",2010,"974"
"172",37025,"Cabarrus",2011,"924"
"173",37025,"Cabarrus",2012,"1,095"
"174",37025,"Cabarrus",2013,"614"
"175",37025,"Cabarrus",2014,"669"
"176",37025,"Cabarrus",2015,"463"
"177",37025,"Cabarrus",2016,"543"
"178",37025,"Cabarrus",2017,"906"
"179",37025,"Cabarrus",2018,"1,260"
"180",37025,"Cabarrus",2019,"637"
"181",37025,"Cabarrus",2020,"462"
"182",37025,"Cabarrus",2021,"350"
"183",37027,"Caldwell",2008,"420"
"184",37027,"Caldwell",2009,"456"
"185",37027,"Caldwell",2010,"507"
"186",37027,"Caldwell",2011,"394"
"187",37027,"Caldwell",2012,"378"
"188",37027,"Caldwell",2013,"267"
"189",37027,"Caldwell",2014,"318"
"190",37027,"Caldwell",2015,"285"
"191",37027,"Caldwell",2016,"290"
"192",37027,"Caldwell",2017,"361"
"193",37027,"Caldwell",2018,"603"
"194",37027,"Caldwell",2019,"456"
"195",37027,"Caldwell",2020,"431"
"196",37027,"Caldwell",2021,"183"
"197",37029,"Camden",2008,"46"
"198",37029,"Camden",2009,"62"
"199",37029,"Camden",2010,"51"
"200",37029,"Camden",2011,"80"
"201",37029,"Camden",2012,"111"
"202",37029,"Camden",2013,"101"
"203",37029,"Camden",2014,"65"
"204",37029,"Camden",2015,"73"
"205",37029,"Camden",2016,"86"
"206",37029,"Camden",2017,"69"
"207",37029,"Camden",2018,"49"
"208",37029,"Camden",2019,"31"
"209",37029,"Camden",2020,"17"
"210",37029,"Camden",2021,"10"
"211",37031,"Carteret",2008,"114"
"212",37031,"Carteret",2009,"101"
"213",37031,"Carteret",2010,"94"
"214",37031,"Carteret",2011,"72"
"215",37031,"Carteret",2012,"91"
"216",37031,"Carteret",2013,"124"
"217",37031,"Carteret",2014,"159"
"218",37031,"Carteret",2015,"133"
"219",37031,"Carteret",2016,"132"
"220",37031,"Carteret",2017,"155"
"221",37031,"Carteret",2018,"213"
"222",37031,"Carteret",2019,"171"
"223",37031,"Carteret",2020,"100"
"224",37031,"Carteret",2021,"77"
"225",37033,"Caswell",2008,"51"
"226",37033,"Caswell",2009,"133"
"227",37033,"Caswell",2010,"66"
"228",37033,"Caswell",2011,"63"
"229",37033,"Caswell",2012,"69"
"230",37033,"Caswell",2013,"69"
"231",37033,"Caswell",2014,"55"
"232",37033,"Caswell",2015,"51"
"233",37033,"Caswell",2016,"60"
"234",37033,"Caswell",2017,"100"
"235",37033,"Caswell",2018,"152"
"236",37033,"Caswell",2019,"104"
"237",37033,"Caswell",2020,"65"
"238",37033,"Caswell",2021,"47"
"239",37035,"Catawba",2008,"647"
"240",37035,"Catawba",2009,"663"
"241",37035,"Catawba",2010,"612"
"242",37035,"Catawba",2011,"561"
"243",37035,"Catawba",2012,"591"
"244",37035,"Catawba",2013,"604"
"245",37035,"Catawba",2014,"689"
"246",37035,"Catawba",2015,"660"
"247",37035,"Catawba",2016,"903"
"248",37035,"Catawba",2017,"1,053"
"249",37035,"Catawba",2018,"1,247"
"250",37035,"Catawba",2019,"702"
"251",37035,"Catawba",2020,"544"
"252",37035,"Catawba",2021,"493"
"253",37037,"Chatham",2008,"144"
"254",37037,"Chatham",2009,"148"
"255",37037,"Chatham",2010,"125"
"256",37037,"Chatham",2011,"79"
"257",37037,"Chatham",2012,"82"
"258",37037,"Chatham",2013,"95"
"259",37037,"Chatham",2014,"125"
"260",37037,"Chatham",2015,"140"
"261",37037,"Chatham",2016,"162"
"262",37037,"Chatham",2017,"214"
"263",37037,"Chatham",2018,"293"
"264",37037,"Chatham",2019,"191"
"265",37037,"Chatham",2020,"197"
"266",37037,"Chatham",2021,"72"
"267",37039,"Cherokee",2008,"116"
"268",37039,"Cherokee",2009,"107"
"269",37039,"Cherokee",2010,"91"
"270",37039,"Cherokee",2011,"110"
"271",37039,"Cherokee",2012,"131"
"272",37039,"Cherokee",2013,"53"
"273",37039,"Cherokee",2014,"Suppressed"
"274",37039,"Cherokee",2015,"6"
"275",37039,"Cherokee",2016,"37"
"276",37039,"Cherokee",2017,"23"
"277",37039,"Cherokee",2018,"54"
"278",37039,"Cherokee",2019,"31"
"279",37039,"Cherokee",2020,"14"
"280",37039,"Cherokee",2021,"14"
"281",37041,"Chowan",2008,"131"
"282",37041,"Chowan",2009,"81"
"283",37041,"Chowan",2010,"103"
"284",37041,"Chowan",2011,"95"
"285",37041,"Chowan",2012,"96"
"286",37041,"Chowan",2013,"114"
"287",37041,"Chowan",2014,"103"
"288",37041,"Chowan",2015,"98"
"289",37041,"Chowan",2016,"87"
"290",37041,"Chowan",2017,"147"
"291",37041,"Chowan",2018,"128"
"292",37041,"Chowan",2019,"105"
"293",37041,"Chowan",2020,"72"
"294",37041,"Chowan",2021,"75"
"295",37043,"Clay",2008,"9"
"296",37043,"Clay",2009,"21"
"297",37043,"Clay",2010,"26"
"298",37043,"Clay",2011,"21"
"299",37043,"Clay",2012,"36"
"300",37043,"Clay",2013,"17"
"301",37043,"Clay",2014,"Suppressed"
"302",37043,"Clay",2015,"0"
"303",37043,"Clay",2016,"8"
"304",37043,"Clay",2017,"7"
"305",37043,"Clay",2018,"12"
"306",37043,"Clay",2019,"6"
"307",37043,"Clay",2020,"Suppressed"
"308",37043,"Clay",2021,"Suppressed"
"309",37045,"Cleveland",2008,"762"
"310",37045,"Cleveland",2009,"977"
"311",37045,"Cleveland",2010,"919"
"312",37045,"Cleveland",2011,"1,226"
"313",37045,"Cleveland",2012,"993"
"314",37045,"Cleveland",2013,"957"
"315",37045,"Cleveland",2014,"729"
"316",37045,"Cleveland",2015,"579"
"317",37045,"Cleveland",2016,"750"
"318",37045,"Cleveland",2017,"752"
"319",37045,"Cleveland",2018,"840"
"320",37045,"Cleveland",2019,"496"
"321",37045,"Cleveland",2020,"358"
"322",37045,"Cleveland",2021,"257"
"323",37047,"Columbus",2008,"233"
"324",37047,"Columbus",2009,"221"
"325",37047,"Columbus",2010,"194"
"326",37047,"Columbus",2011,"226"
"327",37047,"Columbus",2012,"171"
"328",37047,"Columbus",2013,"196"
"329",37047,"Columbus",2014,"241"
"330",37047,"Columbus",2015,"199"
"331",37047,"Columbus",2016,"276"
"332",37047,"Columbus",2017,"202"
"333",37047,"Columbus",2018,"213"
"334",37047,"Columbus",2019,"239"
"335",37047,"Columbus",2020,"265"
"336",37047,"Columbus",2021,"246"
"337",37049,"Craven",2008,"720"
"338",37049,"Craven",2009,"904"
"339",37049,"Craven",2010,"992"
"340",37049,"Craven",2011,"940"
"341",37049,"Craven",2012,"867"
"342",37049,"Craven",2013,"708"
"343",37049,"Craven",2014,"524"
"344",37049,"Craven",2015,"377"
"345",37049,"Craven",2016,"273"
"346",37049,"Craven",2017,"303"
"347",37049,"Craven",2018,"504"
"348",37049,"Craven",2019,"422"
"349",37049,"Craven",2020,"293"
"350",37049,"Craven",2021,"221"
"351",37051,"Cumberland",2008,"3,016"
"352",37051,"Cumberland",2009,"3,067"
"353",37051,"Cumberland",2010,"3,008"
"354",37051,"Cumberland",2011,"3,034"
"355",37051,"Cumberland",2012,"2,120"
"356",37051,"Cumberland",2013,"2,470"
"357",37051,"Cumberland",2014,"2,631"
"358",37051,"Cumberland",2015,"2,263"
"359",37051,"Cumberland",2016,"2,601"
"360",37051,"Cumberland",2017,"2,642"
"361",37051,"Cumberland",2018,"3,138"
"362",37051,"Cumberland",2019,"2,409"
"363",37051,"Cumberland",2020,"1,281"
"364",37051,"Cumberland",2021,"1,367"
"365",37053,"Currituck",2008,"93"
"366",37053,"Currituck",2009,"66"
"367",37053,"Currituck",2010,"77"
"368",37053,"Currituck",2011,"88"
"369",37053,"Currituck",2012,"89"
"370",37053,"Currituck",2013,"97"
"371",37053,"Currituck",2014,"49"
"372",37053,"Currituck",2015,"61"
"373",37053,"Currituck",2016,"67"
"374",37053,"Currituck",2017,"44"
"375",37053,"Currituck",2018,"39"
"376",37053,"Currituck",2019,"29"
"377",37053,"Currituck",2020,"20"
"378",37053,"Currituck",2021,"21"
"379",37055,"Dare",2008,"145"
"380",37055,"Dare",2009,"75"
"381",37055,"Dare",2010,"99"
"382",37055,"Dare",2011,"146"
"383",37055,"Dare",2012,"168"
"384",37055,"Dare",2013,"148"
"385",37055,"Dare",2014,"98"
"386",37055,"Dare",2015,"88"
"387",37055,"Dare",2016,"88"
"388",37055,"Dare",2017,"76"
"389",37055,"Dare",2018,"88"
"390",37055,"Dare",2019,"58"
"391",37055,"Dare",2020,"54"
"392",37055,"Dare",2021,"34"
"393",37057,"Davidson",2008,"635"
"394",37057,"Davidson",2009,"652"
"395",37057,"Davidson",2010,"489"
"396",37057,"Davidson",2011,"472"
"397",37057,"Davidson",2012,"563"
"398",37057,"Davidson",2013,"601"
"399",37057,"Davidson",2014,"571"
"400",37057,"Davidson",2015,"543"
"401",37057,"Davidson",2016,"569"
"402",37057,"Davidson",2017,"567"
"403",37057,"Davidson",2018,"594"
"404",37057,"Davidson",2019,"453"
"405",37057,"Davidson",2020,"322"
"406",37057,"Davidson",2021,"273"
"407",37059,"Davie",2008,"77"
"408",37059,"Davie",2009,"81"
"409",37059,"Davie",2010,"92"
"410",37059,"Davie",2011,"75"
"411",37059,"Davie",2012,"82"
"412",37059,"Davie",2013,"78"
"413",37059,"Davie",2014,"91"
"414",37059,"Davie",2015,"90"
"415",37059,"Davie",2016,"98"
"416",37059,"Davie",2017,"96"
"417",37059,"Davie",2018,"86"
"418",37059,"Davie",2019,"87"
"419",37059,"Davie",2020,"54"
"420",37059,"Davie",2021,"59"
"421",37061,"Duplin",2008,"94"
"422",37061,"Duplin",2009,"73"
"423",37061,"Duplin",2010,"90"
"424",37061,"Duplin",2011,"94"
"425",37061,"Duplin",2012,"209"
"426",37061,"Duplin",2013,"366"
"427",37061,"Duplin",2014,"354"
"428",37061,"Duplin",2015,"296"
"429",37061,"Duplin",2016,"295"
"430",37061,"Duplin",2017,"386"
"431",37061,"Duplin",2018,"315"
"432",37061,"Duplin",2019,"328"
"433",37061,"Duplin",2020,"244"
"434",37061,"Duplin",2021,"204"
"435",37063,"Durham",2008,"1,095"
"436",37063,"Durham",2009,"1,221"
"437",37063,"Durham",2010,"1,480"
"438",37063,"Durham",2011,"1,667"
"439",37063,"Durham",2012,"1,728"
"440",37063,"Durham",2013,"1,378"
"441",37063,"Durham",2014,"870"
"442",37063,"Durham",2015,"798"
"443",37063,"Durham",2016,"1,191"
"444",37063,"Durham",2017,"1,138"
"445",37063,"Durham",2018,"1,301"
"446",37063,"Durham",2019,"1,109"
"447",37063,"Durham",2020,"757"
"448",37063,"Durham",2021,"698"
"449",37065,"Edgecombe",2008,"465"
"450",37065,"Edgecombe",2009,"357"
"451",37065,"Edgecombe",2010,"376"
"452",37065,"Edgecombe",2011,"315"
"453",37065,"Edgecombe",2012,"318"
"454",37065,"Edgecombe",2013,"282"
"455",37065,"Edgecombe",2014,"244"
"456",37065,"Edgecombe",2015,"246"
"457",37065,"Edgecombe",2016,"486"
"458",37065,"Edgecombe",2017,"510"
"459",37065,"Edgecombe",2018,"513"
"460",37065,"Edgecombe",2019,"699"
"461",37065,"Edgecombe",2020,"502"
"462",37065,"Edgecombe",2021,"259"
"463",37067,"Forsyth",2008,"1,959"
"464",37067,"Forsyth",2009,"1,849"
"465",37067,"Forsyth",2010,"1,810"
"466",37067,"Forsyth",2011,"1,591"
"467",37067,"Forsyth",2012,"1,939"
"468",37067,"Forsyth",2013,"1,966"
"469",37067,"Forsyth",2014,"1,735"
"470",37067,"Forsyth",2015,"1,532"
"471",37067,"Forsyth",2016,"1,480"
"472",37067,"Forsyth",2017,"1,416"
"473",37067,"Forsyth",2018,"1,526"
"474",37067,"Forsyth",2019,"1,359"
"475",37067,"Forsyth",2020,"913"
"476",37067,"Forsyth",2021,"937"
"477",37069,"Franklin",2008,"214"
"478",37069,"Franklin",2009,"244"
"479",37069,"Franklin",2010,"261"
"480",37069,"Franklin",2011,"301"
"481",37069,"Franklin",2012,"396"
"482",37069,"Franklin",2013,"306"
"483",37069,"Franklin",2014,"282"
"484",37069,"Franklin",2015,"200"
"485",37069,"Franklin",2016,"225"
"486",37069,"Franklin",2017,"223"
"487",37069,"Franklin",2018,"263"
"488",37069,"Franklin",2019,"257"
"489",37069,"Franklin",2020,"235"
"490",37069,"Franklin",2021,"156"
"491",37071,"Gaston",2008,"951"
"492",37071,"Gaston",2009,"961"
"493",37071,"Gaston",2010,"1,030"
"494",37071,"Gaston",2011,"1,148"
"495",37071,"Gaston",2012,"1,137"
"496",37071,"Gaston",2013,"643"
"497",37071,"Gaston",2014,"1,091"
"498",37071,"Gaston",2015,"889"
"499",37071,"Gaston",2016,"947"
"500",37071,"Gaston",2017,"946"
"501",37071,"Gaston",2018,"879"
"502",37071,"Gaston",2019,"815"
"503",37071,"Gaston",2020,"571"
"504",37071,"Gaston",2021,"537"
"505",37073,"Gates",2008,"32"
"506",37073,"Gates",2009,"41"
"507",37073,"Gates",2010,"30"
"508",37073,"Gates",2011,"33"
"509",37073,"Gates",2012,"34"
"510",37073,"Gates",2013,"38"
"511",37073,"Gates",2014,"39"
"512",37073,"Gates",2015,"37"
"513",37073,"Gates",2016,"46"
"514",37073,"Gates",2017,"27"
"515",37073,"Gates",2018,"29"
"516",37073,"Gates",2019,"30"
"517",37073,"Gates",2020,"13"
"518",37073,"Gates",2021,"15"
"519",37075,"Graham",2008,"35"
"520",37075,"Graham",2009,"43"
"521",37075,"Graham",2010,"33"
"522",37075,"Graham",2011,"17"
"523",37075,"Graham",2012,"29"
"524",37075,"Graham",2013,"12"
"525",37075,"Graham",2014,"7"
"526",37075,"Graham",2015,"14"
"527",37075,"Graham",2016,"19"
"528",37075,"Graham",2017,"Suppressed"
"529",37075,"Graham",2018,"18"
"530",37075,"Graham",2019,"15"
"531",37075,"Graham",2020,"19"
"532",37075,"Graham",2021,"19"
"533",37077,"Granville",2008,"202"
"534",37077,"Granville",2009,"229"
"535",37077,"Granville",2010,"236"
"536",37077,"Granville",2011,"234"
"537",37077,"Granville",2012,"199"
"538",37077,"Granville",2013,"151"
"539",37077,"Granville",2014,"193"
"540",37077,"Granville",2015,"213"
"541",37077,"Granville",2016,"233"
"542",37077,"Granville",2017,"238"
"543",37077,"Granville",2018,"243"
"544",37077,"Granville",2019,"198"
"545",37077,"Granville",2020,"133"
"546",37077,"Granville",2021,"124"
"547",37079,"Greene",2008,"73"
"548",37079,"Greene",2009,"54"
"549",37079,"Greene",2010,"79"
"550",37079,"Greene",2011,"66"
"551",37079,"Greene",2012,"78"
"552",37079,"Greene",2013,"92"
"553",37079,"Greene",2014,"85"
"554",37079,"Greene",2015,"86"
"555",37079,"Greene",2016,"112"
"556",37079,"Greene",2017,"118"
"557",37079,"Greene",2018,"120"
"558",37079,"Greene",2019,"125"
"559",37079,"Greene",2020,"108"
"560",37079,"Greene",2021,"61"
"561",37081,"Guilford",2008,"3,125"
"562",37081,"Guilford",2009,"2,918"
"563",37081,"Guilford",2010,"2,822"
"564",37081,"Guilford",2011,"2,846"
"565",37081,"Guilford",2012,"3,550"
"566",37081,"Guilford",2013,"3,139"
"567",37081,"Guilford",2014,"2,822"
"568",37081,"Guilford",2015,"2,394"
"569",37081,"Guilford",2016,"4,302"
"570",37081,"Guilford",2017,"6,925"
"571",37081,"Guilford",2018,"8,429"
"572",37081,"Guilford",2019,"5,886"
"573",37081,"Guilford",2020,"3,863"
"574",37081,"Guilford",2021,"2,923"
"575",37083,"Halifax",2008,"581"
"576",37083,"Halifax",2009,"646"
"577",37083,"Halifax",2010,"617"
"578",37083,"Halifax",2011,"585"
"579",37083,"Halifax",2012,"602"
"580",37083,"Halifax",2013,"458"
"581",37083,"Halifax",2014,"472"
"582",37083,"Halifax",2015,"455"
"583",37083,"Halifax",2016,"669"
"584",37083,"Halifax",2017,"589"
"585",37083,"Halifax",2018,"644"
"586",37083,"Halifax",2019,"590"
"587",37083,"Halifax",2020,"373"
"588",37083,"Halifax",2021,"231"
"589",37085,"Harnett",2008,"478"
"590",37085,"Harnett",2009,"401"
"591",37085,"Harnett",2010,"430"
"592",37085,"Harnett",2011,"522"
"593",37085,"Harnett",2012,"595"
"594",37085,"Harnett",2013,"567"
"595",37085,"Harnett",2014,"484"
"596",37085,"Harnett",2015,"528"
"597",37085,"Harnett",2016,"478"
"598",37085,"Harnett",2017,"414"
"599",37085,"Harnett",2018,"728"
"600",37085,"Harnett",2019,"656"
"601",37085,"Harnett",2020,"352"
"602",37085,"Harnett",2021,"329"
"603",37087,"Haywood",2008,"367"
"604",37087,"Haywood",2009,"328"
"605",37087,"Haywood",2010,"235"
"606",37087,"Haywood",2011,"174"
"607",37087,"Haywood",2012,"151"
"608",37087,"Haywood",2013,"93"
"609",37087,"Haywood",2014,"106"
"610",37087,"Haywood",2015,"95"
"611",37087,"Haywood",2016,"66"
"612",37087,"Haywood",2017,"112"
"613",37087,"Haywood",2018,"147"
"614",37087,"Haywood",2019,"115"
"615",37087,"Haywood",2020,"104"
"616",37087,"Haywood",2021,"88"
"617",37089,"Henderson",2008,"327"
"618",37089,"Henderson",2009,"398"
"619",37089,"Henderson",2010,"330"
"620",37089,"Henderson",2011,"233"
"621",37089,"Henderson",2012,"250"
"622",37089,"Henderson",2013,"232"
"623",37089,"Henderson",2014,"237"
"624",37089,"Henderson",2015,"204"
"625",37089,"Henderson",2016,"372"
"626",37089,"Henderson",2017,"335"
"627",37089,"Henderson",2018,"368"
"628",37089,"Henderson",2019,"305"
"629",37089,"Henderson",2020,"230"
"630",37089,"Henderson",2021,"202"
"631",37091,"Hertford",2008,"144"
"632",37091,"Hertford",2009,"97"
"633",37091,"Hertford",2010,"108"
"634",37091,"Hertford",2011,"120"
"635",37091,"Hertford",2012,"151"
"636",37091,"Hertford",2013,"147"
"637",37091,"Hertford",2014,"161"
"638",37091,"Hertford",2015,"138"
"639",37091,"Hertford",2016,"135"
"640",37091,"Hertford",2017,"121"
"641",37091,"Hertford",2018,"183"
"642",37091,"Hertford",2019,"158"
"643",37091,"Hertford",2020,"92"
"644",37091,"Hertford",2021,"72"
"645",37093,"Hoke",2008,"269"
"646",37093,"Hoke",2009,"308"
"647",37093,"Hoke",2010,"388"
"648",37093,"Hoke",2011,"304"
"649",37093,"Hoke",2012,"230"
"650",37093,"Hoke",2013,"229"
"651",37093,"Hoke",2014,"450"
"652",37093,"Hoke",2015,"406"
"653",37093,"Hoke",2016,"356"
"654",37093,"Hoke",2017,"395"
"655",37093,"Hoke",2018,"375"
"656",37093,"Hoke",2019,"303"
"657",37093,"Hoke",2020,"170"
"658",37093,"Hoke",2021,"181"
"659",37095,"Hyde",2008,"36"
"660",37095,"Hyde",2009,"32"
"661",37095,"Hyde",2010,"26"
"662",37095,"Hyde",2011,"31"
"663",37095,"Hyde",2012,"36"
"664",37095,"Hyde",2013,"12"
"665",37095,"Hyde",2014,"20"
"666",37095,"Hyde",2015,"9"
"667",37095,"Hyde",2016,"9"
"668",37095,"Hyde",2017,"11"
"669",37095,"Hyde",2018,"6"
"670",37095,"Hyde",2019,"7"
"671",37095,"Hyde",2020,"Suppressed"
"672",37095,"Hyde",2021,"Suppressed"
"673",37097,"Iredell",2008,"894"
"674",37097,"Iredell",2009,"787"
"675",37097,"Iredell",2010,"653"
"676",37097,"Iredell",2011,"396"
"677",37097,"Iredell",2012,"842"
"678",37097,"Iredell",2013,"902"
"679",37097,"Iredell",2014,"804"
"680",37097,"Iredell",2015,"657"
"681",37097,"Iredell",2016,"847"
"682",37097,"Iredell",2017,"1,397"
"683",37097,"Iredell",2018,"1,385"
"684",37097,"Iredell",2019,"1,160"
"685",37097,"Iredell",2020,"827"
"686",37097,"Iredell",2021,"809"
"687",37099,"Jackson",2008,"179"
"688",37099,"Jackson",2009,"189"
"689",37099,"Jackson",2010,"165"
"690",37099,"Jackson",2011,"120"
"691",37099,"Jackson",2012,"26"
"692",37099,"Jackson",2013,"44"
"693",37099,"Jackson",2014,"54"
"694",37099,"Jackson",2015,"59"
"695",37099,"Jackson",2016,"50"
"696",37099,"Jackson",2017,"85"
"697",37099,"Jackson",2018,"116"
"698",37099,"Jackson",2019,"106"
"699",37099,"Jackson",2020,"145"
"700",37099,"Jackson",2021,"113"
"701",37101,"Johnston",2008,"363"
"702",37101,"Johnston",2009,"441"
"703",37101,"Johnston",2010,"279"
"704",37101,"Johnston",2011,"362"
"705",37101,"Johnston",2012,"433"
"706",37101,"Johnston",2013,"511"
"707",37101,"Johnston",2014,"456"
"708",37101,"Johnston",2015,"577"
"709",37101,"Johnston",2016,"625"
"710",37101,"Johnston",2017,"852"
"711",37101,"Johnston",2018,"1,735"
"712",37101,"Johnston",2019,"1,592"
"713",37101,"Johnston",2020,"1,063"
"714",37101,"Johnston",2021,"481"
"715",37103,"Jones",2008,"70"
"716",37103,"Jones",2009,"112"
"717",37103,"Jones",2010,"98"
"718",37103,"Jones",2011,"79"
"719",37103,"Jones",2012,"77"
"720",37103,"Jones",2013,"57"
"721",37103,"Jones",2014,"40"
"722",37103,"Jones",2015,"47"
"723",37103,"Jones",2016,"40"
"724",37103,"Jones",2017,"37"
"725",37103,"Jones",2018,"54"
"726",37103,"Jones",2019,"62"
"727",37103,"Jones",2020,"45"
"728",37103,"Jones",2021,"43"
"729",37105,"Lee",2008,"360"
"730",37105,"Lee",2009,"418"
"731",37105,"Lee",2010,"568"
"732",37105,"Lee",2011,"782"
"733",37105,"Lee",2012,"749"
"734",37105,"Lee",2013,"364"
"735",37105,"Lee",2014,"70"
"736",37105,"Lee",2015,"68"
"737",37105,"Lee",2016,"560"
"738",37105,"Lee",2017,"769"
"739",37105,"Lee",2018,"956"
"740",37105,"Lee",2019,"492"
"741",37105,"Lee",2020,"325"
"742",37105,"Lee",2021,"256"
"743",37107,"Lenoir",2008,"188"
"744",37107,"Lenoir",2009,"213"
"745",37107,"Lenoir",2010,"281"
"746",37107,"Lenoir",2011,"260"
"747",37107,"Lenoir",2012,"261"
"748",37107,"Lenoir",2013,"309"
"749",37107,"Lenoir",2014,"304"
"750",37107,"Lenoir",2015,"454"
"751",37107,"Lenoir",2016,"558"
"752",37107,"Lenoir",2017,"590"
"753",37107,"Lenoir",2018,"512"
"754",37107,"Lenoir",2019,"663"
"755",37107,"Lenoir",2020,"618"
"756",37107,"Lenoir",2021,"344"
"757",37109,"Lincoln",2008,"135"
"758",37109,"Lincoln",2009,"131"
"759",37109,"Lincoln",2010,"235"
"760",37109,"Lincoln",2011,"469"
"761",37109,"Lincoln",2012,"518"
"762",37109,"Lincoln",2013,"395"
"763",37109,"Lincoln",2014,"243"
"764",37109,"Lincoln",2015,"277"
"765",37109,"Lincoln",2016,"246"
"766",37109,"Lincoln",2017,"287"
"767",37109,"Lincoln",2018,"346"
"768",37109,"Lincoln",2019,"212"
"769",37109,"Lincoln",2020,"173"
"770",37109,"Lincoln",2021,"112"
"771",37113,"Macon",2008,"112"
"772",37113,"Macon",2009,"148"
"773",37113,"Macon",2010,"111"
"774",37113,"Macon",2011,"100"
"775",37113,"Macon",2012,"111"
"776",37113,"Macon",2013,"129"
"777",37113,"Macon",2014,"135"
"778",37113,"Macon",2015,"156"
"779",37113,"Macon",2016,"132"
"780",37113,"Macon",2017,"141"
"781",37113,"Macon",2018,"336"
"782",37113,"Macon",2019,"199"
"783",37113,"Macon",2020,"223"
"784",37113,"Macon",2021,"230"
"785",37115,"Madison",2008,"131"
"786",37115,"Madison",2009,"166"
"787",37115,"Madison",2010,"167"
"788",37115,"Madison",2011,"90"
"789",37115,"Madison",2012,"77"
"790",37115,"Madison",2013,"46"
"791",37115,"Madison",2014,"74"
"792",37115,"Madison",2015,"37"
"793",37115,"Madison",2016,"43"
"794",37115,"Madison",2017,"59"
"795",37115,"Madison",2018,"104"
"796",37115,"Madison",2019,"73"
"797",37115,"Madison",2020,"65"
"798",37115,"Madison",2021,"71"
"799",37117,"Martin",2008,"75"
"800",37117,"Martin",2009,"115"
"801",37117,"Martin",2010,"120"
"802",37117,"Martin",2011,"159"
"803",37117,"Martin",2012,"62"
"804",37117,"Martin",2013,"66"
"805",37117,"Martin",2014,"122"
"806",37117,"Martin",2015,"208"
"807",37117,"Martin",2016,"247"
"808",37117,"Martin",2017,"208"
"809",37117,"Martin",2018,"279"
"810",37117,"Martin",2019,"231"
"811",37117,"Martin",2020,"143"
"812",37117,"Martin",2021,"122"
"813",37111,"McDowell",2008,"155"
"814",37111,"McDowell",2009,"199"
"815",37111,"McDowell",2010,"220"
"816",37111,"McDowell",2011,"255"
"817",37111,"McDowell",2012,"412"
"818",37111,"McDowell",2013,"244"
"819",37111,"McDowell",2014,"310"
"820",37111,"McDowell",2015,"154"
"821",37111,"McDowell",2016,"148"
"822",37111,"McDowell",2017,"232"
"823",37111,"McDowell",2018,"448"
"824",37111,"McDowell",2019,"221"
"825",37111,"McDowell",2020,"268"
"826",37111,"McDowell",2021,"327"
"827",37119,"Mecklenburg",2008,"4,124"
"828",37119,"Mecklenburg",2009,"4,270"
"829",37119,"Mecklenburg",2010,"4,371"
"830",37119,"Mecklenburg",2011,"4,370"
"831",37119,"Mecklenburg",2012,"5,038"
"832",37119,"Mecklenburg",2013,"3,004"
"833",37119,"Mecklenburg",2014,"4,627"
"834",37119,"Mecklenburg",2015,"4,279"
"835",37119,"Mecklenburg",2016,"4,182"
"836",37119,"Mecklenburg",2017,"4,941"
"837",37119,"Mecklenburg",2018,"5,665"
"838",37119,"Mecklenburg",2019,"3,588"
"839",37119,"Mecklenburg",2020,"2,437"
"840",37119,"Mecklenburg",2021,"2,098"
"841",37121,"Mitchell",2008,"29"
"842",37121,"Mitchell",2009,"43"
"843",37121,"Mitchell",2010,"29"
"844",37121,"Mitchell",2011,"33"
"845",37121,"Mitchell",2012,"60"
"846",37121,"Mitchell",2013,"57"
"847",37121,"Mitchell",2014,"108"
"848",37121,"Mitchell",2015,"64"
"849",37121,"Mitchell",2016,"52"
"850",37121,"Mitchell",2017,"85"
"851",37121,"Mitchell",2018,"162"
"852",37121,"Mitchell",2019,"83"
"853",37121,"Mitchell",2020,"91"
"854",37121,"Mitchell",2021,"98"
"855",37123,"Montgomery",2008,"85"
"856",37123,"Montgomery",2009,"144"
"857",37123,"Montgomery",2010,"326"
"858",37123,"Montgomery",2011,"257"
"859",37123,"Montgomery",2012,"247"
"860",37123,"Montgomery",2013,"197"
"861",37123,"Montgomery",2014,"194"
"862",37123,"Montgomery",2015,"242"
"863",37123,"Montgomery",2016,"152"
"864",37123,"Montgomery",2017,"180"
"865",37123,"Montgomery",2018,"179"
"866",37123,"Montgomery",2019,"146"
"867",37123,"Montgomery",2020,"86"
"868",37123,"Montgomery",2021,"56"
"869",37125,"Moore",2008,"471"
"870",37125,"Moore",2009,"433"
"871",37125,"Moore",2010,"469"
"872",37125,"Moore",2011,"378"
"873",37125,"Moore",2012,"398"
"874",37125,"Moore",2013,"396"
"875",37125,"Moore",2014,"385"
"876",37125,"Moore",2015,"410"
"877",37125,"Moore",2016,"259"
"878",37125,"Moore",2017,"285"
"879",37125,"Moore",2018,"311"
"880",37125,"Moore",2019,"285"
"881",37125,"Moore",2020,"164"
"882",37125,"Moore",2021,"163"
"883",37127,"Nash",2008,"460"
"884",37127,"Nash",2009,"401"
"885",37127,"Nash",2010,"477"
"886",37127,"Nash",2011,"285"
"887",37127,"Nash",2012,"127"
"888",37127,"Nash",2013,"260"
"889",37127,"Nash",2014,"182"
"890",37127,"Nash",2015,"192"
"891",37127,"Nash",2016,"477"
"892",37127,"Nash",2017,"453"
"893",37127,"Nash",2018,"502"
"894",37127,"Nash",2019,"905"
"895",37127,"Nash",2020,"672"
"896",37127,"Nash",2021,"401"
"897",37129,"New Hanover",2008,"1,043"
"898",37129,"New Hanover",2009,"799"
"899",37129,"New Hanover",2010,"818"
"900",37129,"New Hanover",2011,"1,067"
"901",37129,"New Hanover",2012,"1,054"
"902",37129,"New Hanover",2013,"1,247"
"903",37129,"New Hanover",2014,"1,350"
"904",37129,"New Hanover",2015,"904"
"905",37129,"New Hanover",2016,"1,425"
"906",37129,"New Hanover",2017,"1,821"
"907",37129,"New Hanover",2018,"886"
"908",37129,"New Hanover",2019,"723"
"909",37129,"New Hanover",2020,"508"
"910",37129,"New Hanover",2021,"485"
"911",37131,"Northampton",2008,"177"
"912",37131,"Northampton",2009,"192"
"913",37131,"Northampton",2010,"182"
"914",37131,"Northampton",2011,"160"
"915",37131,"Northampton",2012,"170"
"916",37131,"Northampton",2013,"121"
"917",37131,"Northampton",2014,"136"
"918",37131,"Northampton",2015,"134"
"919",37131,"Northampton",2016,"210"
"920",37131,"Northampton",2017,"192"
"921",37131,"Northampton",2018,"201"
"922",37131,"Northampton",2019,"158"
"923",37131,"Northampton",2020,"110"
"924",37131,"Northampton",2021,"72"
"925",37133,"Onslow",2008,"618"
"926",37133,"Onslow",2009,"670"
"927",37133,"Onslow",2010,"631"
"928",37133,"Onslow",2011,"287"
"929",37133,"Onslow",2012,"217"
"930",37133,"Onslow",2013,"340"
"931",37133,"Onslow",2014,"380"
"932",37133,"Onslow",2015,"634"
"933",37133,"Onslow",2016,"851"
"934",37133,"Onslow",2017,"1,072"
"935",37133,"Onslow",2018,"1,562"
"936",37133,"Onslow",2019,"1,173"
"937",37133,"Onslow",2020,"709"
"938",37133,"Onslow",2021,"519"
"939",37135,"Orange",2008,"337"
"940",37135,"Orange",2009,"328"
"941",37135,"Orange",2010,"332"
"942",37135,"Orange",2011,"312"
"943",37135,"Orange",2012,"300"
"944",37135,"Orange",2013,"363"
"945",37135,"Orange",2014,"212"
"946",37135,"Orange",2015,"211"
"947",37135,"Orange",2016,"361"
"948",37135,"Orange",2017,"415"
"949",37135,"Orange",2018,"930"
"950",37135,"Orange",2019,"632"
"951",37135,"Orange",2020,"431"
"952",37135,"Orange",2021,"189"
"953",37137,"Pamlico",2008,"62"
"954",37137,"Pamlico",2009,"74"
"955",37137,"Pamlico",2010,"91"
"956",37137,"Pamlico",2011,"85"
"957",37137,"Pamlico",2012,"71"
"958",37137,"Pamlico",2013,"55"
"959",37137,"Pamlico",2014,"45"
"960",37137,"Pamlico",2015,"37"
"961",37137,"Pamlico",2016,"25"
"962",37137,"Pamlico",2017,"35"
"963",37137,"Pamlico",2018,"29"
"964",37137,"Pamlico",2019,"15"
"965",37137,"Pamlico",2020,"15"
"966",37137,"Pamlico",2021,"21"
"967",37139,"Pasquotank",2008,"561"
"968",37139,"Pasquotank",2009,"553"
"969",37139,"Pasquotank",2010,"527"
"970",37139,"Pasquotank",2011,"804"
"971",37139,"Pasquotank",2012,"904"
"972",37139,"Pasquotank",2013,"798"
"973",37139,"Pasquotank",2014,"505"
"974",37139,"Pasquotank",2015,"614"
"975",37139,"Pasquotank",2016,"693"
"976",37139,"Pasquotank",2017,"582"
"977",37139,"Pasquotank",2018,"456"
"978",37139,"Pasquotank",2019,"335"
"979",37139,"Pasquotank",2020,"231"
"980",37139,"Pasquotank",2021,"157"
"981",37141,"Pender",2008,"128"
"982",37141,"Pender",2009,"135"
"983",37141,"Pender",2010,"177"
"984",37141,"Pender",2011,"221"
"985",37141,"Pender",2012,"280"
"986",37141,"Pender",2013,"354"
"987",37141,"Pender",2014,"357"
"988",37141,"Pender",2015,"255"
"989",37141,"Pender",2016,"571"
"990",37141,"Pender",2017,"645"
"991",37141,"Pender",2018,"271"
"992",37141,"Pender",2019,"254"
"993",37141,"Pender",2020,"185"
"994",37141,"Pender",2021,"199"
"995",37143,"Perquimans",2008,"108"
"996",37143,"Perquimans",2009,"102"
"997",37143,"Perquimans",2010,"71"
"998",37143,"Perquimans",2011,"84"
"999",37143,"Perquimans",2012,"129"
"1000",37143,"Perquimans",2013,"155"
"1001",37143,"Perquimans",2014,"99"
"1002",37143,"Perquimans",2015,"107"
"1003",37143,"Perquimans",2016,"127"
"1004",37143,"Perquimans",2017,"94"
"1005",37143,"Perquimans",2018,"82"
"1006",37143,"Perquimans",2019,"81"
"1007",37143,"Perquimans",2020,"53"
"1008",37143,"Perquimans",2021,"39"
"1009",37145,"Person",2008,"117"
"1010",37145,"Person",2009,"223"
"1011",37145,"Person",2010,"304"
"1012",37145,"Person",2011,"247"
"1013",37145,"Person",2012,"213"
"1014",37145,"Person",2013,"291"
"1015",37145,"Person",2014,"244"
"1016",37145,"Person",2015,"284"
"1017",37145,"Person",2016,"88"
"1018",37145,"Person",2017,"177"
"1019",37145,"Person",2018,"435"
"1020",37145,"Person",2019,"338"
"1021",37145,"Person",2020,"214"
"1022",37145,"Person",2021,"218"
"1023",37147,"Pitt",2008,"661"
"1024",37147,"Pitt",2009,"522"
"1025",37147,"Pitt",2010,"710"
"1026",37147,"Pitt",2011,"691"
"1027",37147,"Pitt",2012,"787"
"1028",37147,"Pitt",2013,"926"
"1029",37147,"Pitt",2014,"1,030"
"1030",37147,"Pitt",2015,"1,022"
"1031",37147,"Pitt",2016,"1,459"
"1032",37147,"Pitt",2017,"1,592"
"1033",37147,"Pitt",2018,"1,582"
"1034",37147,"Pitt",2019,"1,177"
"1035",37147,"Pitt",2020,"869"
"1036",37147,"Pitt",2021,"635"
"1037",37149,"Polk",2008,"25"
"1038",37149,"Polk",2009,"34"
"1039",37149,"Polk",2010,"35"
"1040",37149,"Polk",2011,"16"
"1041",37149,"Polk",2012,"17"
"1042",37149,"Polk",2013,"32"
"1043",37149,"Polk",2014,"19"
"1044",37149,"Polk",2015,"29"
"1045",37149,"Polk",2016,"50"
"1046",37149,"Polk",2017,"50"
"1047",37149,"Polk",2018,"54"
"1048",37149,"Polk",2019,"39"
"1049",37149,"Polk",2020,"27"
"1050",37149,"Polk",2021,"35"
"1051",37151,"Randolph",2008,"296"
"1052",37151,"Randolph",2009,"280"
"1053",37151,"Randolph",2010,"232"
"1054",37151,"Randolph",2011,"160"
"1055",37151,"Randolph",2012,"194"
"1056",37151,"Randolph",2013,"168"
"1057",37151,"Randolph",2014,"182"
"1058",37151,"Randolph",2015,"253"
"1059",37151,"Randolph",2016,"335"
"1060",37151,"Randolph",2017,"428"
"1061",37151,"Randolph",2018,"597"
"1062",37151,"Randolph",2019,"405"
"1063",37151,"Randolph",2020,"336"
"1064",37151,"Randolph",2021,"300"
"1065",37153,"Richmond",2008,"224"
"1066",37153,"Richmond",2009,"332"
"1067",37153,"Richmond",2010,"569"
"1068",37153,"Richmond",2011,"519"
"1069",37153,"Richmond",2012,"620"
"1070",37153,"Richmond",2013,"609"
"1071",37153,"Richmond",2014,"613"
"1072",37153,"Richmond",2015,"610"
"1073",37153,"Richmond",2016,"511"
"1074",37153,"Richmond",2017,"484"
"1075",37153,"Richmond",2018,"413"
"1076",37153,"Richmond",2019,"361"
"1077",37153,"Richmond",2020,"234"
"1078",37153,"Richmond",2021,"201"
"1079",37155,"Robeson",2008,"1,362"
"1080",37155,"Robeson",2009,"1,440"
"1081",37155,"Robeson",2010,"1,463"
"1082",37155,"Robeson",2011,"1,360"
"1083",37155,"Robeson",2012,"1,094"
"1084",37155,"Robeson",2013,"1,035"
"1085",37155,"Robeson",2014,"853"
"1086",37155,"Robeson",2015,"826"
"1087",37155,"Robeson",2016,"953"
"1088",37155,"Robeson",2017,"1,040"
"1089",37155,"Robeson",2018,"1,095"
"1090",37155,"Robeson",2019,"969"
"1091",37155,"Robeson",2020,"588"
"1092",37155,"Robeson",2021,"584"
"1093",37157,"Rockingham",2008,"505"
"1094",37157,"Rockingham",2009,"425"
"1095",37157,"Rockingham",2010,"393"
"1096",37157,"Rockingham",2011,"382"
"1097",37157,"Rockingham",2012,"486"
"1098",37157,"Rockingham",2013,"378"
"1099",37157,"Rockingham",2014,"422"
"1100",37157,"Rockingham",2015,"361"
"1101",37157,"Rockingham",2016,"743"
"1102",37157,"Rockingham",2017,"1,073"
"1103",37157,"Rockingham",2018,"1,669"
"1104",37157,"Rockingham",2019,"1,051"
"1105",37157,"Rockingham",2020,"749"
"1106",37157,"Rockingham",2021,"556"
"1107",37159,"Rowan",2008,"712"
"1108",37159,"Rowan",2009,"876"
"1109",37159,"Rowan",2010,"835"
"1110",37159,"Rowan",2011,"730"
"1111",37159,"Rowan",2012,"1,005"
"1112",37159,"Rowan",2013,"818"
"1113",37159,"Rowan",2014,"715"
"1114",37159,"Rowan",2015,"584"
"1115",37159,"Rowan",2016,"570"
"1116",37159,"Rowan",2017,"645"
"1117",37159,"Rowan",2018,"717"
"1118",37159,"Rowan",2019,"431"
"1119",37159,"Rowan",2020,"330"
"1120",37159,"Rowan",2021,"285"
"1121",37161,"Rutherford",2008,"468"
"1122",37161,"Rutherford",2009,"535"
"1123",37161,"Rutherford",2010,"587"
"1124",37161,"Rutherford",2011,"649"
"1125",37161,"Rutherford",2012,"264"
"1126",37161,"Rutherford",2013,"497"
"1127",37161,"Rutherford",2014,"523"
"1128",37161,"Rutherford",2015,"481"
"1129",37161,"Rutherford",2016,"472"
"1130",37161,"Rutherford",2017,"572"
"1131",37161,"Rutherford",2018,"525"
"1132",37161,"Rutherford",2019,"503"
"1133",37161,"Rutherford",2020,"403"
"1134",37161,"Rutherford",2021,"318"
"1135",37163,"Sampson",2008,"296"
"1136",37163,"Sampson",2009,"190"
"1137",37163,"Sampson",2010,"162"
"1138",37163,"Sampson",2011,"155"
"1139",37163,"Sampson",2012,"170"
"1140",37163,"Sampson",2013,"221"
"1141",37163,"Sampson",2014,"203"
"1142",37163,"Sampson",2015,"179"
"1143",37163,"Sampson",2016,"208"
"1144",37163,"Sampson",2017,"387"
"1145",37163,"Sampson",2018,"415"
"1146",37163,"Sampson",2019,"390"
"1147",37163,"Sampson",2020,"343"
"1148",37163,"Sampson",2021,"360"
"1149",37165,"Scotland",2008,"197"
"1150",37165,"Scotland",2009,"141"
"1151",37165,"Scotland",2010,"220"
"1152",37165,"Scotland",2011,"172"
"1153",37165,"Scotland",2012,"150"
"1154",37165,"Scotland",2013,"233"
"1155",37165,"Scotland",2014,"226"
"1156",37165,"Scotland",2015,"198"
"1157",37165,"Scotland",2016,"203"
"1158",37165,"Scotland",2017,"261"
"1159",37165,"Scotland",2018,"323"
"1160",37165,"Scotland",2019,"262"
"1161",37165,"Scotland",2020,"198"
"1162",37165,"Scotland",2021,"193"
"1163",37167,"Stanly",2008,"365"
"1164",37167,"Stanly",2009,"296"
"1165",37167,"Stanly",2010,"266"
"1166",37167,"Stanly",2011,"394"
"1167",37167,"Stanly",2012,"316"
"1168",37167,"Stanly",2013,"155"
"1169",37167,"Stanly",2014,"221"
"1170",37167,"Stanly",2015,"386"
"1171",37167,"Stanly",2016,"231"
"1172",37167,"Stanly",2017,"331"
"1173",37167,"Stanly",2018,"372"
"1174",37167,"Stanly",2019,"183"
"1175",37167,"Stanly",2020,"143"
"1176",37167,"Stanly",2021,"128"
"1177",37169,"Stokes",2008,"132"
"1178",37169,"Stokes",2009,"153"
"1179",37169,"Stokes",2010,"121"
"1180",37169,"Stokes",2011,"94"
"1181",37169,"Stokes",2012,"124"
"1182",37169,"Stokes",2013,"178"
"1183",37169,"Stokes",2014,"122"
"1184",37169,"Stokes",2015,"95"
"1185",37169,"Stokes",2016,"86"
"1186",37169,"Stokes",2017,"81"
"1187",37169,"Stokes",2018,"78"
"1188",37169,"Stokes",2019,"66"
"1189",37169,"Stokes",2020,"51"
"1190",37169,"Stokes",2021,"47"
"1191",37171,"Surry",2008,"86"
"1192",37171,"Surry",2009,"66"
"1193",37171,"Surry",2010,"66"
"1194",37171,"Surry",2011,"70"
"1195",37171,"Surry",2012,"95"
"1196",37171,"Surry",2013,"126"
"1197",37171,"Surry",2014,"121"
"1198",37171,"Surry",2015,"266"
"1199",37171,"Surry",2016,"402"
"1200",37171,"Surry",2017,"284"
"1201",37171,"Surry",2018,"183"
"1202",37171,"Surry",2019,"160"
"1203",37171,"Surry",2020,"111"
"1204",37171,"Surry",2021,"115"
"1205",37173,"Swain",2008,"102"
"1206",37173,"Swain",2009,"106"
"1207",37173,"Swain",2010,"95"
"1208",37173,"Swain",2011,"58"
"1209",37173,"Swain",2012,"10"
"1210",37173,"Swain",2013,"29"
"1211",37173,"Swain",2014,"31"
"1212",37173,"Swain",2015,"36"
"1213",37173,"Swain",2016,"31"
"1214",37173,"Swain",2017,"47"
"1215",37173,"Swain",2018,"140"
"1216",37173,"Swain",2019,"225"
"1217",37173,"Swain",2020,"158"
"1218",37173,"Swain",2021,"133"
"1219",37175,"Transylvania",2008,"40"
"1220",37175,"Transylvania",2009,"55"
"1221",37175,"Transylvania",2010,"36"
"1222",37175,"Transylvania",2011,"27"
"1223",37175,"Transylvania",2012,"33"
"1224",37175,"Transylvania",2013,"44"
"1225",37175,"Transylvania",2014,"134"
"1226",37175,"Transylvania",2015,"75"
"1227",37175,"Transylvania",2016,"129"
"1228",37175,"Transylvania",2017,"137"
"1229",37175,"Transylvania",2018,"333"
"1230",37175,"Transylvania",2019,"187"
"1231",37175,"Transylvania",2020,"195"
"1232",37175,"Transylvania",2021,"204"
"1233",37177,"Tyrrell",2008,"29"
"1234",37177,"Tyrrell",2009,"11"
"1235",37177,"Tyrrell",2010,"12"
"1236",37177,"Tyrrell",2011,"18"
"1237",37177,"Tyrrell",2012,"14"
"1238",37177,"Tyrrell",2013,"25"
"1239",37177,"Tyrrell",2014,"12"
"1240",37177,"Tyrrell",2015,"23"
"1241",37177,"Tyrrell",2016,"23"
"1242",37177,"Tyrrell",2017,"26"
"1243",37177,"Tyrrell",2018,"18"
"1244",37177,"Tyrrell",2019,"25"
"1245",37177,"Tyrrell",2020,"9"
"1246",37177,"Tyrrell",2021,"13"
"1247",37179,"Union",2008,"579"
"1248",37179,"Union",2009,"516"
"1249",37179,"Union",2010,"530"
"1250",37179,"Union",2011,"604"
"1251",37179,"Union",2012,"599"
"1252",37179,"Union",2013,"319"
"1253",37179,"Union",2014,"674"
"1254",37179,"Union",2015,"555"
"1255",37179,"Union",2016,"463"
"1256",37179,"Union",2017,"728"
"1257",37179,"Union",2018,"845"
"1258",37179,"Union",2019,"517"
"1259",37179,"Union",2020,"356"
"1260",37179,"Union",2021,"270"
"1261",37181,"Vance",2008,"87"
"1262",37181,"Vance",2009,"86"
"1263",37181,"Vance",2010,"90"
"1264",37181,"Vance",2011,"101"
"1265",37181,"Vance",2012,"111"
"1266",37181,"Vance",2013,"143"
"1267",37181,"Vance",2014,"147"
"1268",37181,"Vance",2015,"167"
"1269",37181,"Vance",2016,"389"
"1270",37181,"Vance",2017,"372"
"1271",37181,"Vance",2018,"449"
"1272",37181,"Vance",2019,"411"
"1273",37181,"Vance",2020,"235"
"1274",37181,"Vance",2021,"231"
"1275",37183,"Wake",2008,"4,595"
"1276",37183,"Wake",2009,"5,351"
"1277",37183,"Wake",2010,"2,847"
"1278",37183,"Wake",2011,"3,452"
"1279",37183,"Wake",2012,"3,920"
"1280",37183,"Wake",2013,"4,037"
"1281",37183,"Wake",2014,"4,153"
"1282",37183,"Wake",2015,"3,014"
"1283",37183,"Wake",2016,"4,010"
"1284",37183,"Wake",2017,"3,944"
"1285",37183,"Wake",2018,"4,705"
"1286",37183,"Wake",2019,"4,137"
"1287",37183,"Wake",2020,"2,789"
"1288",37183,"Wake",2021,"2,352"
"1289",37185,"Warren",2008,"33"
"1290",37185,"Warren",2009,"30"
"1291",37185,"Warren",2010,"34"
"1292",37185,"Warren",2011,"36"
"1293",37185,"Warren",2012,"24"
"1294",37185,"Warren",2013,"46"
"1295",37185,"Warren",2014,"51"
"1296",37185,"Warren",2015,"64"
"1297",37185,"Warren",2016,"90"
"1298",37185,"Warren",2017,"95"
"1299",37185,"Warren",2018,"97"
"1300",37185,"Warren",2019,"82"
"1301",37185,"Warren",2020,"57"
"1302",37185,"Warren",2021,"49"
"1303",37187,"Washington",2008,"17"
"1304",37187,"Washington",2009,"13"
"1305",37187,"Washington",2010,"31"
"1306",37187,"Washington",2011,"41"
"1307",37187,"Washington",2012,"37"
"1308",37187,"Washington",2013,"53"
"1309",37187,"Washington",2014,"57"
"1310",37187,"Washington",2015,"40"
"1311",37187,"Washington",2016,"51"
"1312",37187,"Washington",2017,"98"
"1313",37187,"Washington",2018,"117"
"1314",37187,"Washington",2019,"77"
"1315",37187,"Washington",2020,"53"
"1316",37187,"Washington",2021,"24"
"1317",37189,"Watauga",2008,"88"
"1318",37189,"Watauga",2009,"94"
"1319",37189,"Watauga",2010,"78"
"1320",37189,"Watauga",2011,"94"
"1321",37189,"Watauga",2012,"109"
"1322",37189,"Watauga",2013,"107"
"1323",37189,"Watauga",2014,"80"
"1324",37189,"Watauga",2015,"83"
"1325",37189,"Watauga",2016,"115"
"1326",37189,"Watauga",2017,"224"
"1327",37189,"Watauga",2018,"302"
"1328",37189,"Watauga",2019,"240"
"1329",37189,"Watauga",2020,"211"
"1330",37189,"Watauga",2021,"218"
"1331",37191,"Wayne",2008,"412"
"1332",37191,"Wayne",2009,"317"
"1333",37191,"Wayne",2010,"191"
"1334",37191,"Wayne",2011,"195"
"1335",37191,"Wayne",2012,"987"
"1336",37191,"Wayne",2013,"1,178"
"1337",37191,"Wayne",2014,"1,160"
"1338",37191,"Wayne",2015,"1,432"
"1339",37191,"Wayne",2016,"875"
"1340",37191,"Wayne",2017,"782"
"1341",37191,"Wayne",2018,"829"
"1342",37191,"Wayne",2019,"1,119"
"1343",37191,"Wayne",2020,"962"
"1344",37191,"Wayne",2021,"527"
"1345",37193,"Wilkes",2008,"303"
"1346",37193,"Wilkes",2009,"224"
"1347",37193,"Wilkes",2010,"248"
"1348",37193,"Wilkes",2011,"272"
"1349",37193,"Wilkes",2012,"310"
"1350",37193,"Wilkes",2013,"301"
"1351",37193,"Wilkes",2014,"320"
"1352",37193,"Wilkes",2015,"317"
"1353",37193,"Wilkes",2016,"809"
"1354",37193,"Wilkes",2017,"670"
"1355",37193,"Wilkes",2018,"208"
"1356",37193,"Wilkes",2019,"212"
"1357",37193,"Wilkes",2020,"137"
"1358",37193,"Wilkes",2021,"108"
"1359",37195,"Wilson",2008,"847"
"1360",37195,"Wilson",2009,"1,010"
"1361",37195,"Wilson",2010,"927"
"1362",37195,"Wilson",2011,"814"
"1363",37195,"Wilson",2012,"654"
"1364",37195,"Wilson",2013,"966"
"1365",37195,"Wilson",2014,"732"
"1366",37195,"Wilson",2015,"772"
"1367",37195,"Wilson",2016,"609"
"1368",37195,"Wilson",2017,"626"
"1369",37195,"Wilson",2018,"666"
"1370",37195,"Wilson",2019,"680"
"1371",37195,"Wilson",2020,"533"
"1372",37195,"Wilson",2021,"490"
"1373",37197,"Yadkin",2008,"96"
"1374",37197,"Yadkin",2009,"66"
"1375",37197,"Yadkin",2010,"66"
"1376",37197,"Yadkin",2011,"66"
"1377",37197,"Yadkin",2012,"88"
"1378",37197,"Yadkin",2013,"64"
"1379",37197,"Yadkin",2014,"81"
"1380",37197,"Yadkin",2015,"97"
"1381",37197,"Yadkin",2016,"89"
"1382",37197,"Yadkin",2017,"77"
"1383",37197,"Yadkin",2018,"75"
"1384",37197,"Yadkin",2019,"80"
"1385",37197,"Yadkin",2020,"37"
"1386",37197,"Yadkin",2021,"51"
"1387",37199,"Yancey",2008,"46"
"1388",37199,"Yancey",2009,"63"
"1389",37199,"Yancey",2010,"43"
"1390",37199,"Yancey",2011,"45"
"1391",37199,"Yancey",2012,"56"
"1392",37199,"Yancey",2013,"37"
"1393",37199,"Yancey",2014,"67"
"1394",37199,"Yancey",2015,"54"
"1395",37199,"Yancey",2016,"45"
"1396",37199,"Yancey",2017,"84"
"1397",37199,"Yancey",2018,"155"
"1398",37199,"Yancey",2019,"90"
"1399",37199,"Yancey",2020,"94"
"1400",37199,"Yancey",2021,"123"
